id,user_id,week,game_id,team,spread,correct,created_at
a02bf23f-4596-469a-81ad-42e67790e03b,jacob,1,5,Jacksonville Jaguars,-3.5,True,2025-09-06T03:14:05.569979+00:00
3d17930f-b519-4a4a-92bc-69e0d1a363e0,jacob,1,8,Las Vegas Raiders,3.0,True,2025-09-06T03:14:05.569979+00:00
055cd8be-1f5a-4e53-a729-fc4b660310c9,jacob,1,16,Chicago Bears,1.5,False,2025-09-06T03:14:05.569979+00:00
9a4554ba-cabd-4927-8e16-e270a7c04ae9,shane,1,5,Carolina Panthers,3.5,False,2025-09-06T03:18:41.029229+00:00
2563553e-8ab7-4a97-bac3-80bfd9f17d81,shane,1,12,Seattle Seahawks,2.5,False,2025-09-06T03:18:41.029229+00:00
98de00e7-8eb7-4af5-9cdf-8ac8a7b31a4b,shane,1,4,Atlanta Falcons,1.5,False,2025-09-06T03:18:41.029229+00:00
f9f16bd9-bd0b-46b1-b4d8-b658fb52746a,nathan,1,8,Miami Dolphins,1.5,False,2025-09-06T03:22:03.864207+00:00
15fae34e-46dc-4e65-9e0a-cf2dd23c78c8,nathan,1,14,Detroit Lions,2.5,False,2025-09-06T03:22:03.864207+00:00
79de161b-8dcb-465d-9fdb-29093f9851f5,cam,1,4,Tampa Bay Buccaneers,-1.5,True,2025-09-06T03:28:14.450554+00:00
109e557f-77cd-43b1-8715-54589c3ed77a,cam,1,9,Washington Commanders,-6.0,True,2025-09-06T03:28:14.450554+00:00
d764f8ca-5b2b-4120-8a39-f43efa256f8d,cam,1,16,Minnesota Vikings,-1.5,True,2025-09-06T03:28:14.450554+00:00
ff518a5b-dff8-4b2b-911a-29b80f286f77,max,1,6,Cincinnati Bengals,-5.5,False,2025-09-06T03:47:25.060003+00:00
23b23f52-fcd0-4dde-a799-1402065dfe46,max,1,10,Pittsburgh Steelers,-3.0,False,2025-09-06T03:47:25.060003+00:00
ce389418-9a7b-46aa-b32f-59bd49070d84,max,1,13,Detroit Lions,2.5,False,2025-09-06T03:47:25.060003+00:00
3227f0a0-70c9-42d2-a0cc-83265c8a5fb3,john,1,8,New England Patriots,-3.0,False,2025-09-06T19:16:15.557639+00:00
e8630b21-6d21-4068-a33e-3f3d31bcbe9b,john,1,11,Denver Broncos,-8.5,False,2025-09-06T19:16:15.557639+00:00
da0f8fde-a286-47c8-827d-0c4682c20390,john,1,6,Cincinnati Bengals,-5.5,False,2025-09-06T19:16:15.557639+00:00
654173ba-72ed-4680-abde-77665808d142,connor,1,4,Tampa Bay Buccaneers,-1.5,True,2025-09-07T23:35:49.398771+00:00
6b770d30-4c0d-462a-a322-debbca1b9f3d,connor,1,16,Minnesota Vikings,-1.5,True,2025-09-07T23:35:49.398771+00:00
e312a6d8-418b-47bc-ba6d-12dbb018a054,connor,1,15,Buffalo Bills,1.5,True,2025-09-07T23:35:49.398771+00:00
2db4fccb-65dd-4a40-8c42-cf559d745807,nathan,1,3,Kansas City Chiefs,-3.0,False,2025-09-06T03:22:03.864207+00:00
7b4db314-c7d6-481d-895e-89bfbf682ab3,john,6,8,Pittsburgh Steelers,-5.5,True,2025-10-10T00:49:14.853571+00:00
c1585b37-0a5a-40df-b6b1-a41b54f7ee78,john,6,12,Tampa Bay Buccaneers,-3.0,True,2025-10-10T00:49:14.853571+00:00
5325df52-4dd6-430d-aabe-129ae089b6fe,jacob,14,11,Los Angeles Rams,-8.5,True,2025-12-07T17:07:23.279338+00:00
e881fa28-12a0-4f93-a0f0-bafc711d7a83,cam,2,2,Detroit Lions,-5.5,True,2025-09-10T02:53:02.872112+00:00
e8ae5404-d251-4ae4-aac9-b2c6740f3439,cam,2,12,Denver Broncos,-2.5,False,2025-09-10T02:53:02.872112+00:00
7067b082-8e22-4820-9fce-18c86aab6713,cam,2,15,Tampa Bay Buccaneers,2.5,True,2025-09-10T02:53:02.872112+00:00
5d3aad8e-1768-4011-8876-fdb0f9472755,nathan,2,9,New Orleans Saints,4.5,False,2025-09-12T03:35:39.943633+00:00
0896b6b7-2c3c-4e04-a12b-1c50e415bb3c,nathan,2,13,Kansas City Chiefs,1.5,False,2025-09-12T03:35:39.943633+00:00
ad5a8525-5340-4d13-8a00-92db6a85fb3c,nathan,2,8,Tennessee Titans,5.5,False,2025-09-12T03:35:39.943633+00:00
5499a660-81fc-4ac7-b1ea-4dbb803d8a2e,shane,2,5,New England Patriots,1.5,True,2025-09-12T04:19:39.927658+00:00
4ce27929-154f-4e0d-90e4-54cd9a535bfc,shane,2,12,Denver Broncos,-2.5,False,2025-09-12T04:19:39.927658+00:00
cc6e2afc-8716-4850-b3f9-993ef4148273,shane,2,16,Los Angeles Chargers,-3.5,True,2025-09-12T04:19:39.927658+00:00
51b939df-5b98-4873-8d40-3000efdc6752,connor,2,15,Tampa Bay Buccaneers,2.5,True,2025-09-13T01:40:56.5284+00:00
4c2238c2-c0f3-496f-8a23-24e290f79d03,connor,2,4,Dallas Cowboys,-5.5,False,2025-09-13T01:40:56.5284+00:00
d0c51a11-a9d7-4a76-b343-7c1b39d9bff3,connor,2,12,Denver Broncos,-2.5,False,2025-09-13T01:40:56.5284+00:00
f8addf48-530b-42b2-b159-c01242195d6e,john,2,4,Dallas Cowboys,-5.5,False,2025-09-13T01:49:02.964579+00:00
48914020-da62-445c-821a-3a88643c15b0,john,2,8,Tennessee Titans,5.5,False,2025-09-13T01:49:02.964579+00:00
c6cd1f35-fb1d-4c74-b923-df61e951487d,john,2,14,Atlanta Falcons,4.5,True,2025-09-13T01:49:02.964579+00:00
74ef9cfb-d012-42df-b1b4-8ed730c2e829,jacob,2,14,Minnesota Vikings,-4.5,False,2025-09-14T07:13:44.876911+00:00
4a5f495a-4f84-48cb-8c26-a891c93de664,jacob,2,13,Philadelphia Eagles,-1.5,True,2025-09-14T07:13:44.876911+00:00
6d086470-8806-4af4-aab4-221ce9d14a05,max,2,6,Baltimore Ravens,-11.5,True,2025-09-14T19:54:06.279937+00:00
d7444968-ab6f-4551-97eb-9d1bf81afb1a,max,2,16,Los Angeles Chargers,-3.5,True,2025-09-14T19:54:06.279937+00:00
212799a0-8fba-4e90-a888-b281f51fd02d,max,2,13,Philadelphia Eagles,-1.5,True,2025-09-14T19:54:06.279937+00:00
e2370625-f06d-4c9c-a329-ea5d8c2b67ff,jacob,2,1,Green Bay Packers,-3.5,True,2025-09-14T07:13:44.876911+00:00
45f5621e-6d5b-4e98-8497-7beb11793e72,nathan,3,4,Cleveland Browns,8.5,True,2025-09-20T15:49:50.594485+00:00
d46545a6-19a9-4443-b62b-2750ce73a321,nathan,3,12,New Orleans Saints,7.5,False,2025-09-20T15:49:50.594485+00:00
1eb62798-59a4-4fc6-9cf5-5d5a81f1c1e1,nathan,3,2,Carolina Panthers,5.5,True,2025-09-20T15:49:50.594485+00:00
e0f080dd-0a6e-411b-b159-9013915e3b05,shane,3,6,Las Vegas Raiders,3.5,False,2025-09-21T14:28:08.523778+00:00
a1b323c9-5453-40fc-a09c-2bfea6c524ce,shane,3,11,Los Angeles Chargers,-2.5,True,2025-09-21T14:28:08.523778+00:00
66e91a74-9c17-4ea7-8a2e-446bb4325aa0,shane,3,13,Dallas Cowboys,1.5,False,2025-09-21T14:28:08.523778+00:00
21dc67f5-ce01-4adf-b7db-697d190a2a1a,max,3,2,Atlanta Falcons,-5.5,False,2025-09-21T15:31:23.679776+00:00
a77f5a29-c8a2-497c-b71c-81d299facfb9,max,3,4,Green Bay Packers,-8.5,False,2025-09-21T15:31:23.679776+00:00
e74e3573-db74-4b08-b624-8ca9f3b3c911,max,3,16,Detroit Lions,4.5,True,2025-09-21T15:31:23.679776+00:00
ad019619-29fe-4770-a3d2-b7dee84585ed,john,3,2,Atlanta Falcons,-5.5,False,2025-09-21T15:44:27.521487+00:00
6eb15dd3-858e-49f8-89ce-479d434fac3d,john,3,15,Kansas City Chiefs,-5.5,True,2025-09-21T15:44:27.521487+00:00
898ec52d-34b5-4627-8ce2-70e305c7438b,john,3,13,Dallas Cowboys,1.5,False,2025-09-21T15:44:27.521487+00:00
44fab4b6-1006-4be9-bad2-27f589a1d3c7,connor,3,3,Cincinnati Bengals,3.0,False,2025-09-21T15:45:20.474531+00:00
a0a55ef8-d731-449e-b59e-9f2cdf6676ad,connor,3,14,San Francisco 49ers,-1.5,False,2025-09-21T15:45:20.474531+00:00
62752354-8de5-4008-b04c-8e116c305aef,connor,3,8,New York Jets,7.0,True,2025-09-21T15:45:20.474531+00:00
d2f6ff19-8456-450f-bcb8-e5f84eb98879,cam,3,13,Dallas Cowboys,1.5,False,2025-09-21T15:45:45.603533+00:00
5e3aee84-3b7e-4460-926b-f65b4b50249f,cam,3,14,Arizona Cardinals,1.5,True,2025-09-21T15:45:45.603533+00:00
ea52d2b2-92bc-4312-b37f-1c406ae0b3a6,cam,3,11,Los Angeles Chargers,-2.5,True,2025-09-21T15:45:45.603533+00:00
bece4db9-fb7a-47c6-8e8f-4b02962a9def,jacob,3,11,Denver Broncos,2.5,False,2025-09-21T16:46:00.093308+00:00
c96bc43d-4527-4908-a745-2d5c4823b632,jacob,3,5,Houston Texans,1.5,False,2025-09-21T16:46:00.093308+00:00
2415ba6e-60fe-4e2f-8486-a3b5c445756b,jacob,3,13,Dallas Cowboys,1.5,False,2025-09-21T16:46:00.093308+00:00
f1df24e2-fbeb-4e07-af38-7a8400c64a93,nathan,4,10,Los Angeles Rams,-3.5,True,2025-09-25T21:32:29.679413+00:00
5ab64970-1bd4-4f2b-981f-24a71c38c964,nathan,4,12,Baltimore Ravens,-2.5,False,2025-09-25T21:32:29.679413+00:00
7e808650-e97d-46a8-b9e3-b8ed3f0b20e5,connor,4,4,Washington Commanders,-1.5,False,2025-09-28T02:12:02.909401+00:00
1f108695-3863-4b67-ad06-5221db805a1b,connor,4,13,Chicago Bears,-1.5,False,2025-09-28T02:12:02.909401+00:00
3027ebc8-ed90-4d50-ac1b-4d1ede2a8cfa,jacob,4,13,Las Vegas Raiders,1.5,True,2025-09-28T06:59:05.380945+00:00
4e68d92a-08ed-43cb-9aa9-77ae989df984,jacob,4,10,Los Angeles Rams,-3.5,True,2025-09-28T06:59:05.380945+00:00
feac863e-f5bc-4d21-b5d9-6592fe2fcff5,shane,4,4,Atlanta Falcons,1.5,True,2025-09-28T13:41:57.727075+00:00
a01b8090-a013-497a-8f09-d94121c98f35,shane,4,9,Tampa Bay Buccaneers,3.5,False,2025-09-28T13:41:57.727075+00:00
8df0e33f-fbda-49f8-b2f3-5912071f63eb,john,4,4,Atlanta Falcons,1.5,True,2025-09-28T14:21:26.893419+00:00
5dde55b2-39f1-4270-b837-c9c6e05bd7da,john,4,9,Philadelphia Eagles,-3.5,True,2025-09-28T14:21:26.893419+00:00
51780525-78f6-4201-9640-802b1557d8fe,connor,4,14,Dallas Cowboys,7.0,True,2025-09-28T02:12:02.909401+00:00
f7ad1986-8634-440b-a7ea-b26df11dbf47,cam,4,10,Los Angeles Rams,-3.5,True,2025-09-28T14:30:24.188664+00:00
c719095e-f7c3-4ba0-9481-4f934318c287,cam,4,4,Atlanta Falcons,1.5,True,2025-09-28T14:30:24.188664+00:00
fe97e676-96d5-409d-87fb-f4d2b2669dfa,jacob,4,8,Los Angeles Chargers,-6.0,False,2025-09-28T06:59:05.380945+00:00
72a497bd-5b7a-423c-872d-0cf61d16ccb3,nathan,5,11,Detroit Lions,-10.5,True,2025-10-04T03:04:55.976058+00:00
94dd5e7c-c9f7-492d-ad53-724530f77aca,jacob,5,11,Detroit Lions,-10.5,True,2025-10-05T15:54:32.418259+00:00
c72aa2c7-3c1b-4794-999f-fa0872924b64,nathan,4,4,Atlanta Falcons,1.5,True,2025-09-25T21:32:29.679413+00:00
921202a7-0d26-4df6-8c25-0d62b28f4416,max,4,9,Tampa Bay Buccaneers,3.5,False,2025-09-28T14:54:59.202114+00:00
25e5a6db-d5d7-426e-b319-578d481e3725,max,4,15,Miami Dolphins,-3.0,True,2025-09-28T14:54:59.202114+00:00
5810a3bc-2a12-495c-984c-dc6958f60f3c,john,4,8,Los Angeles Chargers,-6.0,False,2025-09-28T14:21:26.893419+00:00
6ee50a19-7cbd-40ec-8f57-feb6aa499773,cam,4,8,Los Angeles Chargers,-6.0,False,2025-09-28T14:30:24.188664+00:00
52ae9a40-2a9e-4b66-a5fd-72e8399ae153,max,4,8,Los Angeles Chargers,-6.0,False,2025-09-28T14:54:59.202114+00:00
0641bb2c-362c-4da1-86d4-852001257bfb,shane,4,13,Chicago Bears,-1.5,False,2025-09-28T13:41:57.727075+00:00
cc02c803-717d-446c-a167-ab3fb63842a6,cam,5,5,Dallas Cowboys,-2.5,True,2025-10-02T15:39:25.979806+00:00
cf0b16c9-2a16-4826-ba30-909e2ad15a80,cam,5,6,Philadelphia Eagles,-3.5,False,2025-10-02T15:39:25.979806+00:00
28e220e4-b12f-4c6d-9eef-a5a6a3af975c,cam,5,7,Indianapolis Colts,-6.5,True,2025-10-02T15:39:25.979806+00:00
ae40e784-0b9f-42bc-8948-913c2911c8ac,connor,5,2,Cleveland Browns,4.5,True,2025-10-03T21:48:10.38936+00:00
d6a05f6d-3ec8-43d5-a0f3-fd83f0888a55,connor,5,4,Carolina Panthers,1.5,True,2025-10-03T21:48:10.38936+00:00
4bf7d4cc-57c1-4488-b8c9-6217c12ae308,connor,5,5,Dallas Cowboys,-2.5,True,2025-10-03T21:48:10.38936+00:00
d2b7fc35-d741-403f-b491-23b35b7c5168,nathan,5,8,New Orleans Saints,-1.5,True,2025-10-04T03:04:55.976058+00:00
134e6d25-48df-43b7-a459-d07be7fd3bed,nathan,5,10,Tampa Bay Buccaneers,3.5,True,2025-10-04T03:04:55.976058+00:00
e60bfda4-a3db-4905-b94e-d0ea65277f30,john,5,8,New York Giants,1.5,False,2025-10-04T15:57:06.882294+00:00
8ccc5353-6655-44e2-b934-3469b0876555,john,5,6,Denver Broncos,3.5,True,2025-10-04T15:57:06.882294+00:00
b4662deb-7fcd-4367-8b30-6b118ca5df57,john,5,5,Dallas Cowboys,-2.5,True,2025-10-04T15:57:06.882294+00:00
f8eb41f2-358d-4e98-acd5-152af422363e,shane,5,4,Carolina Panthers,1.5,True,2025-10-05T15:06:37.260866+00:00
13a5ccb9-0030-42de-bed0-6c0402f81b4a,shane,5,5,Dallas Cowboys,-2.5,True,2025-10-05T15:06:37.260866+00:00
01c24383-bea3-4082-b7c0-61f4c56f62db,shane,5,8,New York Giants,1.5,False,2025-10-05T15:06:37.260866+00:00
78475d57-0655-4dc0-b870-485f569ed078,max,5,3,Baltimore Ravens,1.5,False,2025-10-05T15:43:20.837677+00:00
4aa43150-eead-480a-b16e-5f44a18fe769,max,5,13,Buffalo Bills,-8.5,False,2025-10-05T15:43:20.837677+00:00
a4ad7da2-210c-4c15-8597-4dcfdffe762b,max,5,14,Kansas City Chiefs,-3.5,False,2025-10-05T15:43:20.837677+00:00
7a7db053-2a63-40cb-a036-609263c9f05f,jacob,5,7,Las Vegas Raiders,6.5,False,2025-10-05T15:54:32.418259+00:00
ef864162-deec-4a35-8201-5d29e73fbdb9,jacob,5,12,Los Angeles Chargers,-2.5,False,2025-10-05T15:54:32.418259+00:00
1ff85a43-ee27-4784-a2e5-04a59acd18c5,john,6,14,Buffalo Bills,-4.5,False,2025-10-10T00:49:14.853571+00:00
b7cfbf67-f9d1-4932-9a1d-c80e3913f8d4,connor,6,3,Jacksonville Jaguars,1.5,False,2025-10-10T05:51:16.481868+00:00
35939e81-525a-4b56-9ee8-aabf4eda8a11,connor,6,4,New England Patriots,-3.5,True,2025-10-10T05:51:16.481868+00:00
8d1faa85-1c64-4408-8df9-6ca5d053250b,connor,6,15,Chicago Bears,4.5,True,2025-10-10T05:51:16.481868+00:00
edf7b857-445a-420b-97c0-2388906f6321,shane,6,4,New England Patriots,-3.5,True,2025-10-10T14:11:09.161596+00:00
d3780087-6187-4cef-a9f6-7eb40015abad,shane,6,13,Detroit Lions,2.5,False,2025-10-10T14:11:09.161596+00:00
ca987fee-6b2d-41b3-b5ef-87bbb89c4f94,shane,6,15,Chicago Bears,4.5,True,2025-10-10T14:11:09.161596+00:00
ab926140-6614-4a82-91cc-f68ed702de04,jacob,6,5,Indianapolis Colts,-7.5,False,2025-10-12T00:24:35.628962+00:00
cb8735b0-2d5a-4a0b-81cc-3e9dc34d6e52,jacob,6,12,Tampa Bay Buccaneers,-3.0,True,2025-10-12T00:24:35.628962+00:00
3da99362-0042-4033-897c-b31453b594c1,jacob,6,13,Kansas City Chiefs,-2.5,True,2025-10-12T00:24:35.628962+00:00
8e353bde-c667-4f3f-8e3e-47296c1bf7d5,nathan,6,5,Indianapolis Colts,-7.5,False,2025-10-12T02:55:38.718698+00:00
ce0f3525-3aba-4f66-b639-94bb992495f1,nathan,6,12,San Francisco 49ers,3.0,False,2025-10-12T02:55:38.718698+00:00
37145876-8483-4272-b471-8883e0edadcf,nathan,6,4,New Orleans Saints,3.5,False,2025-10-12T02:55:38.718698+00:00
0e3a2733-dd74-4f72-a48e-f9a71f2ad095,max,6,13,Detroit Lions,2.5,False,2025-10-12T13:36:39.801571+00:00
d0d8a548-fce9-4321-a241-79acf901a0d3,max,6,10,Las Vegas Raiders,-4.5,True,2025-10-12T13:36:39.801571+00:00
73ef3234-df15-432d-88cc-9364a5625230,max,6,8,Pittsburgh Steelers,-5.5,True,2025-10-12T13:36:39.801571+00:00
ba19fb43-101f-48c0-b7cf-2e83c47f612e,cam,6,13,Detroit Lions,2.5,False,2025-10-12T18:09:05.968305+00:00
6f0ea6ee-7f9f-4d87-a684-ba1a6f943362,cam,6,15,Washington Commanders,-4.5,False,2025-10-12T18:09:05.968305+00:00
fff0c200-3c76-4da5-b107-349ad89c8f4c,cam,6,14,Buffalo Bills,-4.5,False,2025-10-12T18:09:05.968305+00:00
b07fe091-0baf-48c2-8785-85ef370b68e8,nathan,7,8,New England Patriots,-7.0,True,2025-10-19T03:10:21.334105+00:00
04e3d4a8-d0a1-4733-abf2-417f85fc0538,jacob,7,3,New York Jets,1.5,False,2025-10-19T06:12:00.512608+00:00
9aa26fd8-1fde-4573-88d9-a9c49bc41053,jacob,7,12,Dallas Cowboys,2.5,True,2025-10-19T06:12:00.512608+00:00
32ae7615-eb98-4de9-bd15-fcb4a516beab,jacob,7,11,Green Bay Packers,-6.5,False,2025-10-19T06:12:00.512608+00:00
3a158c9b-2b63-4171-928d-424b4953d017,john,7,7,Minnesota Vikings,2.5,False,2025-10-19T13:38:07.887746+00:00
220ff8b7-d317-4071-a90f-26d556416be8,connor,7,7,Philadelphia Eagles,-2.5,True,2025-10-19T15:04:52.458041+00:00
dcec9fa5-b7d0-46af-b471-593c2566ec85,cam,7,15,Seattle Seahawks,-3.0,True,2025-10-19T19:16:46.886324+00:00
60840b62-b36b-48fc-bcf8-e474f0c0dd22,max,7,9,Denver Broncos,-7.0,False,2025-10-19T14:17:46.054022+00:00
d26ff716-a3c0-4093-9ac1-bb0c29b26dab,max,7,11,Green Bay Packers,-6.5,False,2025-10-19T14:17:46.054022+00:00
e862e1b5-557e-4520-90a9-5a07b18b003f,nathan,7,2,Jacksonville Jaguars,3.0,False,2025-10-19T03:10:21.334105+00:00
157dc164-f4ac-4b25-b006-3832a1dde1c0,nathan,7,4,New Orleans Saints,5.5,False,2025-10-19T03:10:21.334105+00:00
ce99a1e5-72f6-4ab2-92f6-6da68d5e8ec7,john,7,10,Indianapolis Colts,1.5,True,2025-10-19T13:38:07.887746+00:00
d4410c6e-fe8e-4fd1-948f-a13f3118c66b,john,7,12,Dallas Cowboys,2.5,True,2025-10-19T13:38:07.887746+00:00
f0ea9472-a68f-42a4-a48d-f6afc4af202b,max,7,15,Seattle Seahawks,-3.0,True,2025-10-19T14:17:46.054022+00:00
47fe1a2f-f228-4563-8ba5-d2f6184bad12,connor,7,15,Seattle Seahawks,-3.0,True,2025-10-19T15:04:52.458041+00:00
7c136828-c543-4362-8f34-1400fe7dda4c,connor,7,10,Los Angeles Chargers,-1.5,False,2025-10-19T15:04:52.458041+00:00
2d605835-1ef2-4a47-a46b-007988d0e3bc,shane,7,10,Los Angeles Chargers,-1.5,False,2025-10-19T18:38:11.48227+00:00
86e0c0df-8338-49d7-9643-7e9f515032ec,shane,7,12,Dallas Cowboys,2.5,True,2025-10-19T18:38:11.48227+00:00
efddecdd-bb1d-4f69-995d-7aae4ce73325,shane,7,15,Seattle Seahawks,-3.0,True,2025-10-19T18:38:11.48227+00:00
3bdedcbe-8535-4dda-8620-68e5ab034529,cam,7,11,Green Bay Packers,-6.5,False,2025-10-19T19:16:46.886324+00:00
fd3467ce-5e7f-42a2-8ee7-bd71f92a4ad4,cam,7,13,San Francisco 49ers,-2.5,True,2025-10-19T19:16:46.886324+00:00
fdf742af-752c-4b6a-9302-fb16583f1334,shane,14,2,Seattle Seahawks,-7.0,True,2025-12-07T17:33:56.196048+00:00
5151cc54-ef0a-42e7-98f3-0bf1081b9554,shane,14,8,Washington Commanders,1.5,False,2025-12-07T17:33:56.196048+00:00
771c75de-7884-4dfd-8994-cb7ab73828a4,shane,14,13,Houston Texans,3.5,True,2025-12-07T17:33:56.196048+00:00
f6ae1c06-d84b-435f-8456-8a1b845d57bb,jacob,14,7,New York Jets,2.5,False,2025-12-07T17:07:23.279338+00:00
02ea5000-aff7-49a6-9f78-aab8181073c1,max,14,6,Indianapolis Colts,-1.5,False,2025-12-07T17:33:40.077598+00:00
8d205659-386e-4373-8864-363809eee85e,max,14,9,Tampa Bay Buccaneers,-8.5,False,2025-12-07T17:33:40.077598+00:00
e135f2ba-4f28-4f3d-8047-00d7e1d7ef15,max,14,10,Denver Broncos,-7.5,False,2025-12-07T17:33:40.077598+00:00
d7486fd5-34ec-49e4-8398-3c3905963588,cam,8,4,Buffalo Bills,-7.0,True,2025-10-24T15:19:24.93852+00:00
1689900d-ee03-46bb-9454-2b3e5b4691eb,cam,8,7,San Francisco 49ers,1.5,False,2025-10-24T15:19:24.93852+00:00
b9370d40-075c-4b66-b9a6-d2f16b90d852,cam,8,9,Tampa Bay Buccaneers,-4.5,True,2025-10-24T15:19:24.93852+00:00
891ac1bb-273b-4767-809e-7082f6a1cd8f,shane,8,9,Tampa Bay Buccaneers,-4.5,True,2025-10-24T15:55:06.778074+00:00
b6b479dd-ce7d-4f88-9e6d-eee31ccef5ae,shane,8,7,San Francisco 49ers,1.5,False,2025-10-24T15:55:06.778074+00:00
5c36ea40-f887-486f-99e8-67aab49a5f55,shane,8,3,Chicago Bears,6.0,False,2025-10-24T15:55:06.778074+00:00
94b346cf-07fa-4da2-a3ce-e60c81879d1a,connor,8,12,Pittsburgh Steelers,3.0,False,2025-10-25T01:12:20.049869+00:00
68c765ac-96f2-4e40-b78d-f1c19b7cecd8,connor,8,10,Denver Broncos,-3.5,True,2025-10-25T01:12:20.049869+00:00
e19d76e5-fb09-489c-9844-1a1970e184cb,connor,8,5,New York Jets,6.5,True,2025-10-25T01:12:20.049869+00:00
81f58ac1-e8d4-4bf8-8e2c-f0f103357e6f,nathan,8,7,Houston Texans,-1.5,True,2025-10-26T03:14:37.377124+00:00
74d1335e-48e0-4fd2-b263-4223265545e4,nathan,8,8,New York Giants,7.5,False,2025-10-26T03:14:37.377124+00:00
1c83b9e8-1ff9-4817-a76e-b3d7619420e9,nathan,8,10,Dallas Cowboys,3.5,False,2025-10-26T03:14:37.377124+00:00
86bf331c-913d-4f2c-a073-84ca64a93f7f,max,8,3,Baltimore Ravens,-6.0,True,2025-10-26T11:48:05.126406+00:00
8f06de2f-6d76-4b40-b9b6-51cd47d7cd83,max,8,12,Pittsburgh Steelers,3.0,False,2025-10-26T11:48:05.126406+00:00
29506f32-4da4-4670-ac28-7a4fb7898ee5,max,8,11,Tennessee Titans,14.5,False,2025-10-26T11:48:05.126406+00:00
6c7f59d1-50ce-4d4e-96f7-8df16b5c06a4,jacob,8,10,Denver Broncos,-3.5,True,2025-10-26T14:59:38.767486+00:00
3c0f801a-2612-4c93-9f2f-db3b6a4838f5,jacob,8,8,New York Giants,7.5,False,2025-10-26T14:59:38.767486+00:00
a67d0292-849d-4f6b-909f-333cb48e7fc3,jacob,8,6,New England Patriots,-7.0,True,2025-10-26T14:59:38.767486+00:00
87e98d80-6da0-4743-8800-b40f81ab1788,john,8,12,Pittsburgh Steelers,3.0,False,2025-10-26T20:10:51.907671+00:00
1200e695-2733-4001-b139-70a42200b2e0,john,8,10,Dallas Cowboys,3.5,False,2025-10-26T20:10:51.907671+00:00
d628ad27-491b-4b0d-9d53-643abe5784c5,john,8,13,Washington Commanders,12.5,False,2025-10-26T20:10:51.907671+00:00
4a906ea2-0973-4160-b5cc-ef4881b4f76e,nathan,14,3,Pittsburgh Steelers,5.5,True,2025-12-07T08:32:41.506572+00:00
0682d4ec-2adc-4cb1-ad3f-a43477a629d0,nathan,14,5,Tennessee Titans,4.5,True,2025-12-07T08:32:41.506572+00:00
df7e72d2-7071-40ee-b1b9-35ebf09e3734,cam,9,14,Dallas Cowboys,-2.5,False,2025-10-30T21:53:13.604929+00:00
87528582-05c2-4845-a3cc-eee102f09792,cam,9,5,Denver Broncos,1.5,True,2025-10-30T21:53:13.604929+00:00
2924616e-32ee-4786-b119-84b86b91f8dc,cam,9,4,Chicago Bears,-2.5,True,2025-10-30T21:53:13.604929+00:00
59461053-33ae-4a1c-bae7-7c8ed92c79d7,jacob,9,5,Houston Texans,-1.5,False,2025-10-31T04:38:44.944457+00:00
dc2c42c4-931a-49b5-a77e-a9ba8223287a,jacob,9,6,Detroit Lions,-8.5,False,2025-10-31T04:38:44.944457+00:00
e30a3eaf-028a-40a3-bad3-d108451f8c2a,jacob,9,12,Kansas City Chiefs,-2.5,False,2025-10-31T04:38:44.944457+00:00
af0e6794-baef-46f0-9b7e-0c69acd3e695,nathan,9,6,Detroit Lions,-8.5,False,2025-11-02T12:14:02.122315+00:00
81dcbfa4-7bcb-4310-93da-528da6c4c13c,nathan,9,12,Kansas City Chiefs,-2.5,False,2025-11-02T12:14:02.122315+00:00
0d7d45ab-a46a-4e86-a4a1-09bf4e5a4cf4,nathan,9,9,New York Giants,2.5,False,2025-11-02T12:14:02.122315+00:00
a9f7d6e3-5de7-4b8e-9dd3-e389e6b5aa4b,shane,9,14,Dallas Cowboys,-2.5,False,2025-11-02T14:39:29.768109+00:00
f73f324b-fe57-4473-985c-490ba3979a18,shane,9,9,San Francisco 49ers,-2.5,True,2025-11-02T14:39:29.768109+00:00
22fa4ff6-05ce-4ac7-beb4-d51f3402eb5f,shane,9,5,Denver Broncos,1.5,True,2025-11-02T14:39:29.768109+00:00
f7121230-1724-4e60-bb04-cb1e117ab5a8,john,9,5,Denver Broncos,1.5,True,2025-11-02T15:10:49.236357+00:00
17acd0a5-d837-4382-956f-617b95003862,john,9,7,Indianapolis Colts,-3.0,False,2025-11-02T15:10:49.236357+00:00
691adc1e-aef8-427e-8fbd-fecb81e68e67,john,9,12,Buffalo Bills,2.5,True,2025-11-02T15:10:49.236357+00:00
f883309b-7f9f-4efc-8266-2a91066c2d3c,connor,9,4,Chicago Bears,-2.5,True,2025-11-02T16:35:30.799987+00:00
ba855530-d1ba-4da4-90e5-5f537b470a21,connor,9,5,Houston Texans,-1.5,False,2025-11-02T16:35:30.799987+00:00
76462830-0713-49e3-9385-cda705900ffc,connor,9,14,Dallas Cowboys,-2.5,False,2025-11-02T16:35:30.799987+00:00
c4b86187-82f4-4511-90de-1e68ef9909df,max,9,9,San Francisco 49ers,-2.5,True,2025-11-02T16:52:31.162418+00:00
89ce69c9-7467-4015-a581-644e1e176063,max,9,8,Los Angeles Chargers,-9.5,False,2025-11-02T16:52:31.162418+00:00
6a3d06c6-d973-4360-93b1-03cbeca9de16,max,9,14,Dallas Cowboys,-2.5,False,2025-11-02T16:52:31.162418+00:00
e1085c53-17ca-4592-85e9-bb728e2fb856,nathan,10,10,Arizona Cardinals,6.5,False,2025-11-08T00:24:53.50932+00:00
243384d0-a040-4d63-ac0f-d18a95f51669,nathan,10,12,Los Angeles Rams,-3.5,True,2025-11-08T00:24:53.50932+00:00
efffd9a8-b302-4518-b38c-179cc82cb402,nathan,10,11,Washington Commanders,8.5,False,2025-11-08T00:24:53.50932+00:00
2738a756-a555-456c-b478-1b16fee97175,john,10,9,Tampa Bay Buccaneers,-2.5,False,2025-11-09T12:09:27.247462+00:00
8c167534-58a9-44ac-895c-a2f7a3654341,john,10,13,Los Angeles Chargers,-3.0,True,2025-11-09T12:09:27.247462+00:00
3313122e-19e3-48b9-8f77-49a0e8288e33,john,10,3,Minnesota Vikings,3.5,False,2025-11-09T12:09:27.247462+00:00
dd3a9e87-2449-472f-9a45-eb73eb179ceb,jacob,10,9,Tampa Bay Buccaneers,-2.5,False,2025-11-09T17:23:01.901948+00:00
6f3cfc2d-77dc-4bae-af32-b38531ff41c3,jacob,10,11,Detroit Lions,-8.5,True,2025-11-09T17:23:01.901948+00:00
6d2b4f4f-57f8-42f0-bf23-3f0b9814fb56,jacob,10,3,Baltimore Ravens,-3.5,True,2025-11-09T17:23:01.901948+00:00
a7ad5844-4a71-43d3-86b7-887434c0ee6c,cam,10,9,Tampa Bay Buccaneers,-2.5,False,2025-11-09T17:25:10.983179+00:00
6ad8cab9-5f7a-449e-8da3-8303b49cd155,cam,10,10,Seattle Seahawks,-6.5,True,2025-11-09T17:25:10.983179+00:00
3ffe2be2-0b91-456d-95bb-5eb366cad8bf,cam,10,11,Detroit Lions,-8.5,True,2025-11-09T17:25:10.983179+00:00
e0b74cfb-5555-4b2f-ac40-9cf032316adf,shane,10,9,New England Patriots,2.5,True,2025-11-09T17:25:19.938764+00:00
b0025a9e-7d64-49bc-b2ca-5cfa4cf93426,shane,10,13,Los Angeles Chargers,-3.0,True,2025-11-09T17:25:19.938764+00:00
0dc06b95-edda-4c81-82af-842e2c069207,shane,10,14,Philadelphia Eagles,2.5,True,2025-11-09T17:25:19.938764+00:00
6d071e24-beb1-4546-8000-cddc8991678b,connor,10,13,Los Angeles Chargers,-3.0,True,2025-11-09T22:44:39.196279+00:00
ea7a3770-10d5-4c3f-b81d-2201d9d0d049,connor,10,14,Philadelphia Eagles,2.5,True,2025-11-09T22:44:39.196279+00:00
aed75ecb-28c4-4df8-9086-03d1cc9120d3,max,10,13,Pittsburgh Steelers,3.0,False,2025-11-09T22:44:50.524359+00:00
1b46fab1-9443-4cd4-a24c-10028f6755dd,max,10,14,Philadelphia Eagles,2.5,True,2025-11-09T22:44:50.524359+00:00
369e9d05-399e-4a35-ac58-f1156e270e5f,nathan,11,6,Cincinnati Bengals,5.5,False,2025-11-15T16:46:19.629393+00:00
73461072-e1eb-418b-ae49-98058b59a658,nathan,11,13,Denver Broncos,3.5,True,2025-11-15T16:46:19.629393+00:00
73a22d3a-08ff-4365-9677-31911c304f3a,nathan,11,14,Philadelphia Eagles,-3.0,True,2025-11-15T16:46:19.629393+00:00
9adcb97c-64b8-4bc0-9423-3c70587ebbc8,john,11,12,Baltimore Ravens,-7.5,False,2025-11-16T03:11:08.963062+00:00
32f06958-36df-43cc-b3fa-f7d12957e953,john,11,14,Detroit Lions,3.0,False,2025-11-16T03:11:08.963062+00:00
6195ffe2-b23b-4cd8-b995-412c381fbf75,john,11,15,Dallas Cowboys,-3.5,True,2025-11-16T03:11:08.963062+00:00
a2c3bfe0-d823-4f37-9325-2b6329792801,max,11,4,Buffalo Bills,-5.5,True,2025-11-16T15:19:16.13758+00:00
c064e1b3-38fc-49a3-80e6-ba2e86f43212,max,11,11,Seattle Seahawks,2.5,True,2025-11-16T15:19:16.13758+00:00
0440cde3-ea93-4941-92ac-399aac73f581,max,11,10,San Francisco 49ers,-2.5,True,2025-11-16T15:19:16.13758+00:00
d57ec52d-9093-4c5b-a3e8-4784e5ec2e90,jacob,11,8,Houston Texans,-7.5,False,2025-11-16T17:35:57.984251+00:00
44943b03-39ae-4b11-bb4c-e576edfb51a3,jacob,11,3,Carolina Panthers,3.5,True,2025-11-16T17:35:57.984251+00:00
548d5b77-9711-4ed8-a5ce-14e64057cd85,jacob,11,12,Baltimore Ravens,-7.5,False,2025-11-16T17:35:57.984251+00:00
13036b8f-d58f-4a4e-8072-fb2ade4209a3,connor,11,11,Los Angeles Rams,-2.5,False,2025-11-16T17:37:25.974689+00:00
12f39c08-b072-4e41-a07a-9ca738b22b7f,connor,11,10,San Francisco 49ers,-2.5,True,2025-11-16T17:37:25.974689+00:00
ca6494a4-f5e7-40c5-ba7a-e329fafc2565,connor,11,8,Tennessee Titans,7.5,True,2025-11-16T17:37:25.974689+00:00
187941d3-ec0e-4c3a-a7d2-a18754d568e3,shane,11,10,San Francisco 49ers,-2.5,True,2025-11-16T17:37:33.785747+00:00
fc147c25-7ece-487c-84c0-b9e20d8e5eac,shane,11,15,Dallas Cowboys,-3.5,True,2025-11-16T17:37:33.785747+00:00
d5ba29b9-b9c4-4d60-b7f7-7bba8930c4d6,shane,11,13,Kansas City Chiefs,-3.5,False,2025-11-16T17:37:33.785747+00:00
5223265b-2bdd-43eb-b0f1-662afcb42d13,cam,11,10,San Francisco 49ers,-2.5,True,2025-11-16T17:38:46.646338+00:00
30265211-a2f8-4533-8d5d-8481f29b3148,cam,11,11,Los Angeles Rams,-2.5,False,2025-11-16T17:38:46.646338+00:00
02bcb5ea-401c-4876-b771-d32daf204e95,cam,11,6,Cincinnati Bengals,5.5,False,2025-11-16T17:38:46.646338+00:00
b5ac7220-c933-4896-a7f5-fa102d0835ec,cam,12,12,Philadelphia Eagles,-3.5,False,2025-11-21T04:39:34.102764+00:00
cb1a0102-a9a7-446a-8704-6c9b3c2885fc,cam,12,8,Seattle Seahawks,-13.5,False,2025-11-21T04:39:34.102764+00:00
ae9c1a91-8935-46d8-8e36-62c17d17e654,cam,12,9,Jacksonville Jaguars,-2.5,True,2025-11-21T04:39:34.102764+00:00
d8e5a195-8e88-473c-b93f-72b62ce013e4,john,13,14,Los Angeles Chargers,-10.0,True,2025-11-30T18:37:45.253547+00:00
c9b48fb3-d3c5-4e9b-ab34-94254a088070,cam,13,13,Buffalo Bills,-3.5,True,2025-11-30T18:37:55.39506+00:00
2fe38590-2c2d-4117-b786-37ab7e128115,cam,13,15,Denver Broncos,-6.5,False,2025-11-30T18:37:55.39506+00:00
47856d4e-b31b-449b-9883-341b648cf242,jacob,12,5,Detroit Lions,-10.5,False,2025-11-22T23:43:24.505375+00:00
47a525a5-e186-4bc5-8855-f900c300d101,jacob,12,12,Dallas Cowboys,3.5,True,2025-11-22T23:43:24.505375+00:00
6fd2227f-31ba-4140-bbd7-52ca2a422727,nathan,12,5,Detroit Lions,-10.5,False,2025-11-23T06:46:35.324952+00:00
d14ac266-c81e-4f0e-a30a-a89ab9d1d18b,nathan,12,9,Arizona Cardinals,2.5,False,2025-11-23T06:46:35.324952+00:00
de7f43d9-516d-461a-998e-37a8cca26ede,nathan,12,12,Dallas Cowboys,3.5,True,2025-11-23T06:46:35.324952+00:00
e853dc6d-bbb1-4823-bd21-2d28c8804334,max,12,5,Detroit Lions,-10.5,False,2025-11-23T11:52:06.50289+00:00
dd22f65b-0f62-4c76-93fa-56957fbdaf84,max,12,11,Atlanta Falcons,1.5,True,2025-11-23T11:52:06.50289+00:00
b56b0fe6-bcb2-48a9-abd3-cf4ea421b5de,max,12,13,Tampa Bay Buccaneers,6.5,False,2025-11-23T11:52:06.50289+00:00
b8c51151-bb6f-43d3-91bc-0c4eb6f4ae98,shane,12,11,Atlanta Falcons,1.5,True,2025-11-23T14:21:40.280454+00:00
caae4445-2d53-44ed-affc-874f567d3379,shane,12,12,Philadelphia Eagles,-3.5,False,2025-11-23T14:21:40.280454+00:00
57f48bb8-5b15-43c3-98a6-732d2428cf18,shane,12,10,Cleveland Browns,3.0,True,2025-11-23T14:21:40.280454+00:00
eb80bc83-f6c2-4af1-b263-5650ead70c78,john,12,4,Cincinnati Bengals,8.5,True,2025-11-23T15:22:09.140755+00:00
ba149a0f-5115-4dd7-9155-02737e294c82,john,12,12,Dallas Cowboys,3.5,True,2025-11-23T15:22:09.140755+00:00
158e70ea-5d3d-443d-a2c7-f1e4292a60f4,john,12,11,Atlanta Falcons,1.5,True,2025-11-23T15:22:09.140755+00:00
60a6142c-e190-4528-9d71-0cd6de0fdc4a,connor,12,3,Chicago Bears,-3.0,,2025-11-23T17:35:15.709934+00:00
f2d10480-ba50-496a-8f65-2ece7194ef64,connor,12,9,Jacksonville Jaguars,-2.5,True,2025-11-23T17:35:15.709934+00:00
c8a71226-84ed-439f-8c31-81d089720433,connor,12,11,New Orleans Saints,-1.5,False,2025-11-23T17:35:15.709934+00:00
b9bc04bc-9435-4e3b-af85-c4ab9bd6990b,cam,13,16,New York Giants,7.0,False,2025-11-30T18:37:55.39506+00:00
530bda50-5575-42ec-9151-460144af015d,jacob,12,1,Buffalo Bills,-6.0,False,2025-11-22T23:43:24.505375+00:00
39a0e85b-1691-47a6-860d-decf23ae57e2,nathan,13,1,Detroit Lions,-2.5,False,2025-11-26T22:43:03.985495+00:00
5c90c70a-5ef1-4539-ae1a-df1cc36f8f49,nathan,13,12,Minnesota Vikings,10.5,False,2025-11-26T22:43:03.985495+00:00
4dfd89b0-9d81-4502-b99e-5844f45a325c,nathan,13,8,San Francisco 49ers,-4.5,True,2025-11-26T22:43:03.985495+00:00
6454b613-87b8-45f9-a6cf-cf7837426347,max,13,3,Baltimore Ravens,-7.0,False,2025-11-27T19:51:35.095695+00:00
c9634a9d-14ad-4142-a097-8b539b127c8d,max,13,5,Tampa Bay Buccaneers,-3.0,,2025-11-27T19:51:35.095695+00:00
77c3b62b-e6ad-41c4-9a1d-25ef896a554d,max,13,7,Los Angeles Rams,-10.5,False,2025-11-27T19:51:35.095695+00:00
9b6a0162-30c6-403a-84e7-222d2884d0ed,connor,13,5,Tampa Bay Buccaneers,-3.0,,2025-11-28T20:28:18.811423+00:00
cc2e9dfd-8094-46ed-81fc-cdbeefac47ee,connor,13,8,San Francisco 49ers,-4.5,True,2025-11-28T20:28:18.811423+00:00
6a9fd695-0666-4a4d-b61d-b2ba8cf5a7af,connor,13,12,Seattle Seahawks,-10.5,True,2025-11-28T20:28:18.811423+00:00
6ca84412-8c4e-43cc-9074-162f00265eb8,jacob,13,12,Seattle Seahawks,-10.5,True,2025-11-30T14:28:22.117315+00:00
8896575a-5b96-4f3d-b089-5fdb4c53fe1b,jacob,13,16,New York Giants,7.0,False,2025-11-30T14:28:22.117315+00:00
8b0f2274-4037-4575-893c-ddfcbccf7b35,jacob,13,6,New York Jets,2.5,True,2025-11-30T14:28:22.117315+00:00
5d143143-8638-4c00-ae46-3b46eb32eaef,shane,13,15,Denver Broncos,-6.5,False,2025-11-30T16:34:38.301042+00:00
58c6097c-6263-4170-a3ae-e30c910ee01e,shane,13,8,Cleveland Browns,4.5,False,2025-11-30T16:34:38.301042+00:00
bd146d39-716b-4a7b-9470-f98dda743185,shane,13,13,Pittsburgh Steelers,3.5,False,2025-11-30T16:34:38.301042+00:00
1e80f685-1337-445e-9a14-e77aa73927b4,john,13,5,Arizona Cardinals,3.0,,2025-11-30T18:37:45.253547+00:00
8eb0ae9f-29f1-4a73-9fdd-892742592621,john,13,13,Pittsburgh Steelers,3.5,False,2025-11-30T18:37:45.253547+00:00
598be9da-7473-4e0f-988a-79fed361b45b,jacob,14,14,Philadelphia Eagles,-2.5,False,2025-12-07T17:07:23.279338+00:00
cafe0aee-1410-415c-b2a0-dd9a626bdc22,nathan,14,12,Chicago Bears,6.5,False,2025-12-07T08:32:41.506572+00:00
07fc6596-bb85-4a0f-8f96-cfd37dd949be,nathan,15,4,Buffalo Bills,-1.5,True,2025-12-14T05:50:06.34708+00:00
5b026d7b-7cec-4403-be03-957ae8026948,nathan,15,10,New Orleans Saints,2.5,True,2025-12-14T05:50:06.34708+00:00
e2051125-2de5-446e-8880-618b6720aa49,nathan,15,5,Chicago Bears,-7.5,True,2025-12-14T05:50:06.34708+00:00
e38ef6ac-915d-490d-ab04-85071676d18c,jacob,15,10,New Orleans Saints,2.5,True,2025-12-14T17:59:35.283283+00:00
7f06c5d1-9822-43e9-8600-8097978a9b76,john,14,6,Indianapolis Colts,-1.5,False,2025-12-07T15:42:16.700182+00:00
ddf993d1-afe6-4038-a16a-921f2b33559b,john,14,12,Chicago Bears,6.5,False,2025-12-07T15:42:16.700182+00:00
e5181b13-d7dc-4212-be7c-8092445262d7,john,14,13,Houston Texans,3.5,True,2025-12-07T15:42:16.700182+00:00
064cf376-a6b4-4c9c-a00e-d25e48e9a7e6,connor,14,1,Dallas Cowboys,3.5,False,2025-12-07T17:32:39.168217+00:00
1f56245e-d0d7-4351-b273-476c96d4ad22,connor,14,6,Indianapolis Colts,-1.5,False,2025-12-07T17:32:39.168217+00:00
f2d5e390-cc8b-44de-8d34-d5321d623844,connor,14,8,Minnesota Vikings,-1.5,True,2025-12-07T17:32:39.168217+00:00
ef37a376-cd9f-437b-83af-0bd12fdc5c51,cam,14,7,Miami Dolphins,-2.5,True,2025-12-07T17:55:08.789578+00:00
fb481025-b97b-4e92-b54e-334b77a8ab63,cam,14,14,Philadelphia Eagles,-2.5,False,2025-12-07T17:55:08.789578+00:00
9d81de2e-1aaf-45e7-8179-cafd0aeb909f,cam,14,10,Denver Broncos,-7.5,False,2025-12-07T17:55:08.789578+00:00
f7705739-fa39-4ee2-9543-3b850696a590,jacob,15,11,Green Bay Packers,-2.5,False,2025-12-14T17:59:35.283283+00:00
30af4ea0-ea0b-46c7-a54b-814ef1b35c44,jacob,15,12,Los Angeles Rams,-5.5,True,2025-12-14T17:59:35.283283+00:00
46206762-f953-4572-8b23-cf7ffcc2c7a1,shane,15,10,Carolina Panthers,-2.5,False,2025-12-14T18:00:52.386717+00:00
4478cb44-bba9-42e5-bf30-749ac831c526,shane,15,11,Denver Broncos,2.5,True,2025-12-14T18:00:52.386717+00:00
0de954c3-9dde-41f3-a543-8c43f5c5340e,shane,15,16,Miami Dolphins,3.0,False,2025-12-14T18:00:52.386717+00:00
bb805033-e322-4531-bc86-ff3c208fc5e3,john,15,11,Green Bay Packers,-2.5,False,2025-12-14T18:04:24.468653+00:00
aa9630c6-b661-440c-addc-26f9fa3c3a0a,john,15,12,Detroit Lions,5.5,False,2025-12-14T18:04:24.468653+00:00
bf16ae8d-a1c1-4fb9-b3be-9e26d6cf2762,john,15,13,Seattle Seahawks,-13.5,False,2025-12-14T18:04:24.468653+00:00
362fb937-c5ca-493b-8a09-facb0f70c4ab,cam,15,10,Carolina Panthers,-2.5,False,2025-12-14T18:05:27.940361+00:00
22180b35-50d7-4464-8e9d-12267d5748f6,cam,15,13,Seattle Seahawks,-13.5,False,2025-12-14T18:05:27.940361+00:00
53c03420-5f8f-44ed-a0ab-7504ce49243e,cam,15,14,San Francisco 49ers,-12.5,True,2025-12-14T18:05:27.940361+00:00
f18ea1d4-3b29-4d27-b4e4-64ad56f2e371,connor,15,11,Green Bay Packers,-2.5,False,2025-12-15T21:05:53.8246+00:00
ed3a4c4f-efd1-41ac-9084-66cd76516b64,connor,15,13,Seattle Seahawks,-13.5,False,2025-12-15T21:05:53.8246+00:00
7985beb2-5f5e-44f6-99fd-5b883ce19447,connor,15,16,Pittsburgh Steelers,-3.0,True,2025-12-15T21:05:53.8246+00:00
7edc73cf-7f34-47a4-92cf-9ec6982c5404,max,15,11,Denver Broncos,2.5,True,2025-12-11T15:14:46.018187+00:00
cdb3d9cd-a1b4-428f-8582-c1b07f501766,max,15,10,Carolina Panthers,-2.5,False,2025-12-11T15:14:46.018187+00:00
00462d44-9c47-4ea0-99c2-6de9058ddc66,max,15,4,Buffalo Bills,-1.5,True,2025-12-11T15:14:46.018187+00:00
a49443d0-962d-402b-9b01-ddb2d523d84f,nathan,16,5,Carolina Panthers,3.0,True,2025-12-18T04:15:27.882646+00:00
2e0be7aa-6539-464a-9427-d01af865feff,nathan,16,3,Green Bay Packers,1.5,False,2025-12-18T04:15:27.882646+00:00
8253d3d5-4b75-4215-aa07-69dab71f41bc,nathan,16,12,Denver Broncos,-3.0,False,2025-12-18T04:15:27.882646+00:00
df9a7d3f-2a70-4aaa-b2ff-868482d21798,connor,16,3,Chicago Bears,-1.5,True,2025-12-20T18:45:41.166975+00:00
3ba7b909-5642-4f0a-b3e0-bef2c14bdd6f,connor,16,6,Cincinnati Bengals,-4.5,True,2025-12-20T18:45:41.166975+00:00
5b446de7-c973-45cb-b073-5cb9718d6606,connor,16,16,San Francisco 49ers,-6.0,True,2025-12-20T18:45:41.166975+00:00
a06c3448-2b47-43ec-9de0-88dd85b47db9,cam,16,3,Green Bay Packers,1.5,False,2025-12-20T19:06:41.264835+00:00
5946be0f-84bf-4a52-842f-92056b671f6e,cam,16,12,Denver Broncos,-3.0,False,2025-12-20T19:06:41.264835+00:00
013676de-f0e7-497c-b87f-8e2d9b8a9992,cam,16,16,San Francisco 49ers,-6.0,True,2025-12-20T19:06:41.264835+00:00
8a1c5fae-7ff2-467b-8e51-c13db877a87f,john,16,10,New Orleans Saints,-4.5,True,2025-12-20T19:42:33.384912+00:00
2f83549d-dbd1-44e9-ba3a-dd7a816df8a0,john,16,15,New England Patriots,3.0,True,2025-12-20T19:42:33.384912+00:00
0c3a9ffb-8ba1-4baf-830e-9540d4799d0b,john,16,16,San Francisco 49ers,-6.0,True,2025-12-20T19:42:33.384912+00:00
6815af69-4801-4c38-86b2-456cef30a7d2,jacob,16,16,San Francisco 49ers,-6.0,True,2025-12-21T10:31:06.994135+00:00
98b5bf60-a33e-48c4-a5ed-e09d31dea642,jacob,16,6,Cincinnati Bengals,-4.5,True,2025-12-21T10:31:06.994135+00:00
5640f719-97ef-4bc1-bf9e-a3a99e572eba,jacob,16,9,New York Giants,3.0,,2025-12-21T10:31:06.994135+00:00
aee941a1-8c03-4f6f-a682-4863210433eb,shane,16,6,Cincinnati Bengals,-4.5,True,2025-12-21T16:08:40.446039+00:00
11a2119f-eca1-40d6-b29a-a3b5d3fdfda9,shane,16,3,Green Bay Packers,1.5,False,2025-12-21T16:08:40.446039+00:00
5cb2098f-0948-46ab-821e-4430259c6810,shane,16,12,Denver Broncos,-3.0,False,2025-12-21T16:08:40.446039+00:00
f9fe75a3-7325-482c-8ba0-55f2c149c1ff,max,16,4,Buffalo Bills,-10.5,False,2025-12-21T16:35:45.409636+00:00
9505870e-0879-491b-ac65-4e4210a9f8c6,max,16,6,Cincinnati Bengals,-4.5,True,2025-12-21T16:35:45.409636+00:00
7354292e-a42e-438c-beb3-3b7ba0fda257,max,16,14,Las Vegas Raiders,14.5,True,2025-12-21T16:35:45.409636+00:00
0a04b235-0660-460c-a9f6-f44c0e517498,john,101,playoff-1,Buffalo Bills,1.5,False,2026-01-15T17:52:28.483649+00:00
43cd6bb3-c303-4507-bdea-3d004132c292,john,101,playoff-2,San Francisco 49ers,7.0,False,2026-01-15T17:52:28.483649+00:00
19da1a90-0526-416a-be9d-398189ca25bd,shane,17,2,Detroit Lions,-6.0,False,2025-12-23T15:51:02.293949+00:00
2ea15708-a2be-4269-9780-89e27e20b25b,shane,17,5,Green Bay Packers,-2.5,False,2025-12-23T15:51:02.293949+00:00
36b571c7-5e51-467e-a146-95dd3c56aff6,shane,17,12,New Orleans Saints,-2.5,True,2025-12-23T15:51:02.293949+00:00
9b4080ba-9278-43e6-b670-c31e1a79d1c5,connor,17,2,Detroit Lions,-6.0,False,2025-12-23T15:51:31.673974+00:00
c7c876a6-259f-4b4f-9ab3-5d74f47dd1aa,connor,17,5,Green Bay Packers,-2.5,False,2025-12-23T15:51:31.673974+00:00
0cdc4a02-c03b-417b-9777-a55ef9d2432a,connor,17,12,New Orleans Saints,-2.5,True,2025-12-23T15:51:31.673974+00:00
0e78c170-58c4-4224-97f3-80860e170fb0,john,17,1,Dallas Cowboys,-6.5,True,2025-12-25T05:57:24.235965+00:00
70ecc146-d86c-4232-b3fd-b17fc1d62769,john,17,2,Detroit Lions,-6.0,False,2025-12-25T05:57:24.235965+00:00
ad399bf9-af9a-45e4-92f5-d3bb85d39ae0,john,17,4,Houston Texans,2.5,True,2025-12-25T05:57:24.235965+00:00
b3226b40-7f3c-49f1-9a71-06aa11d1b8b7,nathan,17,9,Jacksonville Jaguars,-6.5,False,2025-12-25T23:46:20.014624+00:00
2716f2af-ac4e-4908-a956-4a39c62a162e,nathan,17,3,Denver Broncos,-12.5,False,2025-12-25T23:46:20.014624+00:00
6013d36d-14b7-4fe6-ab75-ef5aacd6d313,nathan,17,14,Buffalo Bills,-1.5,False,2025-12-25T23:46:20.014624+00:00
2b06487e-5c5c-4963-8e35-37148eea32a8,jacob,17,3,Denver Broncos,-12.5,False,2025-12-27T23:33:57.851339+00:00
1fb9ec04-0e80-4cb8-b9e0-5e5809f3f0f1,jacob,17,9,Jacksonville Jaguars,-6.5,False,2025-12-27T23:33:57.851339+00:00
5ce2ce7d-88ff-4201-b4d7-ae0c4a512a7f,jacob,17,12,Tennessee Titans,2.5,False,2025-12-27T23:33:57.851339+00:00
13b2e917-b0e7-4a9e-8695-224d47233774,cam,17,14,Buffalo Bills,-1.5,False,2025-12-28T17:54:18.949614+00:00
cf614b89-6533-4594-b7a0-721583447918,cam,17,16,Los Angeles Rams,-7.5,False,2025-12-28T17:54:18.949614+00:00
e69c013e-9d0a-4543-9609-7013102fa8c4,cam,17,7,Carolina Panthers,7.5,False,2025-12-28T17:54:18.949614+00:00
859bc9b2-0497-44a0-9c0a-e29c09769ada,max,17,6,Cincinnati Bengals,-7.0,True,2025-12-28T17:56:22.158204+00:00
7686d7c7-1a1c-44a1-9b6a-b0ef32bd5746,max,17,10,Tampa Bay Buccaneers,-5.5,False,2025-12-28T17:56:22.158204+00:00
ba54d5dc-11d2-4562-bd30-466f09f3c2ef,max,17,14,Buffalo Bills,-1.5,False,2025-12-28T17:56:22.158204+00:00
9fadbe78-d453-4539-82c1-6d1eb1bc2afc,max,18,9,Los Angeles Rams,-8.5,True,2026-01-03T05:39:38.291523+00:00
84ad8b5d-94b4-47a0-9cb0-627051072cb9,max,18,11,Detroit Lions,3.0,True,2026-01-03T05:39:38.291523+00:00
320c3677-ee73-4bc3-92a5-66816e75bebf,max,18,15,Philadelphia Eagles,-4.5,False,2026-01-03T05:39:38.291523+00:00
8101798b-c924-4ef1-83a8-4259c26eaee5,nathan,18,16,Pittsburgh Steelers,4.5,True,2026-01-03T05:51:33.37857+00:00
0f6d2159-9021-4eda-be9d-fc5036ea5d1b,nathan,18,11,Detroit Lions,3.0,True,2026-01-03T05:51:33.37857+00:00
3f360d1d-378c-40a3-ae0c-eacd14fccecc,nathan,18,1,Carolina Panthers,3.0,True,2026-01-03T05:51:33.37857+00:00
b41a4bfe-0521-48f6-8de7-ce5a90ad89e6,connor,18,2,Seattle Seahawks,-2.5,True,2026-01-03T18:10:36.033666+00:00
5ec42670-3954-4dc3-b69d-a592d4171725,connor,18,4,Cincinnati Bengals,-7.5,False,2026-01-03T18:10:36.033666+00:00
cc7f7676-f0ce-47df-93ea-a7491b35938a,connor,18,16,Pittsburgh Steelers,4.5,True,2026-01-03T18:10:36.033666+00:00
02b8d0e2-aae1-4264-8274-878ae08bf948,jacob,18,15,Philadelphia Eagles,-4.5,False,2026-01-03T21:19:40.842599+00:00
b4b0f749-8efd-4995-a798-3c98dc422fe0,jacob,18,4,Cincinnati Bengals,-7.5,False,2026-01-03T21:19:40.842599+00:00
a892236f-d6b9-464c-8fce-8252209a8f9a,jacob,18,3,Atlanta Falcons,-3.5,False,2026-01-03T21:19:40.842599+00:00
5694cb17-19cd-46a7-9a83-b193e4dde64b,john,18,10,Buffalo Bills,-7.5,True,2026-01-04T16:27:15.272578+00:00
759301a2-3fca-4884-9939-b042c03d6381,john,18,9,Los Angeles Rams,-8.5,True,2026-01-04T16:27:15.272578+00:00
9d183822-62fe-4b29-bb28-e858d0d47a05,john,18,16,Pittsburgh Steelers,4.5,True,2026-01-04T16:27:15.272578+00:00
9cb1235a-1072-49a9-8d21-f5b9aaa73008,shane,18,1,Carolina Panthers,3.0,True,2026-01-04T16:47:21.346857+00:00
5d32b460-f0bd-48e1-8ca2-3b36a0dd4d10,shane,18,2,Seattle Seahawks,-2.5,True,2026-01-04T16:47:21.346857+00:00
fc4dfb15-9395-48ef-b0a5-32bbeb8cf933,shane,18,3,Atlanta Falcons,-3.5,False,2026-01-04T16:47:21.346857+00:00
0ef2adfb-5430-4219-b63d-22f9726431f2,cam,18,5,Dallas Cowboys,-3.5,False,2026-01-04T17:51:51.374081+00:00
c09f63b1-0d5c-477e-a9d6-01ccb07314d3,cam,18,9,Los Angeles Rams,-8.5,True,2026-01-04T17:51:51.374081+00:00
aa48d08f-609a-43fe-bcd5-c70ab54db48d,cam,18,6,Green Bay Packers,9.5,False,2026-01-04T17:51:51.374081+00:00
5689d834-2a12-4017-8726-39b9989938e2,cam,100,playoff-1,Carolina Panthers,10.5,True,2026-01-10T06:15:09.378744+00:00
87607b95-ba4f-4f4f-ba21-2ce506bc9503,cam,100,playoff-2,Chicago Bears,1.5,True,2026-01-10T06:15:09.378744+00:00
29602531-5914-420b-8974-4a927aed2a25,cam,100,playoff-3,Buffalo Bills,1.5,True,2026-01-10T06:15:09.378744+00:00
0a893f7b-78ce-415d-ba6f-4b3a357e836c,cam,100,playoff-4,San Francisco 49ers,6.0,True,2026-01-10T06:15:09.378744+00:00
ab2a71a8-be12-485c-8187-2b5a9bd67e58,cam,100,playoff-5,New England Patriots,-3.5,True,2026-01-10T06:15:09.378744+00:00
647a1dc4-9790-4707-a98a-704605ff2fa5,cam,100,playoff-6,Houston Texans,-3.0,True,2026-01-10T06:15:09.378744+00:00
9c54bf6b-a4df-4b6f-bd8c-a40b153deecf,jacob,100,playoff-5,New England Patriots,-3.5,True,2026-01-10T06:17:22.826282+00:00
6ed5f191-1478-416d-ab21-c3f43f35f291,jacob,100,playoff-6,Pittsburgh Steelers,3.0,False,2026-01-10T06:17:22.826282+00:00
d7c411d7-bf9f-4ed6-9f70-9e1cdb71bb76,jacob,100,playoff-4,San Francisco 49ers,6.0,True,2026-01-10T06:17:22.826282+00:00
b64d37c9-dc56-4f2a-bcbe-251693173b81,jacob,100,playoff-3,Buffalo Bills,1.5,True,2026-01-10T06:17:22.826282+00:00
b649a981-0d03-4c64-bce4-f315e0c58049,jacob,100,playoff-2,Chicago Bears,1.5,True,2026-01-10T06:17:22.826282+00:00
87e47e50-43a1-4a5f-882c-3e2a7cd1d323,jacob,100,playoff-1,Los Angeles Rams,-10.5,False,2026-01-10T06:17:22.826282+00:00
bde06f9c-78fc-497b-809a-58ac13b48456,nathan,100,playoff-1,Carolina Panthers,10.5,True,2026-01-10T07:22:00.84789+00:00
9e541c59-5d3b-417b-a30f-38d50e0980bd,nathan,100,playoff-2,Green Bay Packers,-1.5,False,2026-01-10T07:22:00.84789+00:00
e92ff6e0-3585-48fe-bc44-b1a48883a93f,nathan,100,playoff-3,Jacksonville Jaguars,-1.5,False,2026-01-10T07:22:00.84789+00:00
7e5e5187-55e9-4841-a3fd-144af2629394,nathan,100,playoff-4,Philadelphia Eagles,-6.0,False,2026-01-10T07:22:00.84789+00:00
0c8be80e-8af9-427c-9c6c-c22c66cabe26,nathan,100,playoff-5,New England Patriots,-3.5,True,2026-01-10T07:22:00.84789+00:00
b5583e95-f428-4337-adc3-477deb651aaa,nathan,100,playoff-6,Pittsburgh Steelers,3.0,False,2026-01-10T07:22:00.84789+00:00
a4c6c57a-b8d1-4e7b-a6d8-77771981002c,max,100,playoff-1,Los Angeles Rams,-10.5,False,2026-01-10T15:20:08.415664+00:00
27c14c0d-cfa5-4cee-80aa-f285d576001d,max,100,playoff-3,Buffalo Bills,1.5,True,2026-01-10T15:20:08.415664+00:00
d3ea0650-7cbd-4795-b599-9f658357b075,max,100,playoff-4,Philadelphia Eagles,-6.0,False,2026-01-10T15:20:08.415664+00:00
f6932900-8d06-4d35-b560-9d300065c917,max,100,playoff-6,Pittsburgh Steelers,3.0,False,2026-01-10T15:20:08.415664+00:00
73600c36-844e-4f38-9e51-905585943d43,max,100,playoff-5,Los Angeles Chargers,3.5,False,2026-01-10T15:20:08.415664+00:00
cf1027ae-5018-4ead-95c2-45ad41fdda00,max,100,playoff-2,Green Bay Packers,-1.5,False,2026-01-10T15:20:08.415664+00:00
f560ce5c-881e-48f9-8238-dabe938c6e98,connor,100,playoff-5,Los Angeles Chargers,3.5,False,2026-01-11T00:07:16.404131+00:00
c5ac66f7-385a-4af9-9405-89dfc2e6e22b,connor,100,playoff-4,Philadelphia Eagles,-6.0,False,2026-01-11T00:07:16.404131+00:00
598c6338-ed49-4cbb-b277-4291fbbf610b,connor,100,playoff-3,Buffalo Bills,1.5,True,2026-01-11T00:07:16.404131+00:00
5975fd78-9762-4f9f-a6ed-9f81d63d027d,connor,100,playoff-2,Chicago Bears,1.5,True,2026-01-11T00:07:16.404131+00:00
3662e6d1-d857-4d03-a88d-84d5f2038ed8,connor,100,playoff-6,Pittsburgh Steelers,3.0,False,2026-01-11T00:07:16.404131+00:00
1ceaab9e-dd52-4093-b098-3ec618a14ff9,shane,100,playoff-2,Green Bay Packers,-1.5,False,2026-01-11T15:50:36.044279+00:00
e5025e77-388d-4341-9bf7-5a4f6ca90df1,shane,100,playoff-1,Los Angeles Rams,-10.5,False,2026-01-11T15:50:36.044279+00:00
93b77123-5506-45b1-afa3-5358c126e983,shane,100,playoff-3,Jacksonville Jaguars,-1.5,False,2026-01-11T15:50:36.044279+00:00
102491a0-b71e-41b6-b0fa-6fac7b968a8d,shane,100,playoff-4,Philadelphia Eagles,-6.0,False,2026-01-11T15:50:36.044279+00:00
40540656-19c7-4613-999a-5e62c7224fe8,shane,100,playoff-5,Los Angeles Chargers,3.5,False,2026-01-11T15:50:36.044279+00:00
68646df2-e6c8-4cd5-ab3f-671ebf7bb588,shane,100,playoff-6,Houston Texans,-3.0,True,2026-01-11T15:50:36.044279+00:00
632c512a-de48-4e07-9bd9-be8a527e5e14,john,100,playoff-1,Los Angeles Rams,-10.5,False,2026-01-12T18:30:03.945105+00:00
6278de17-005d-43a5-95ad-8f47dfa127cb,john,100,playoff-2,Green Bay Packers,-1.5,False,2026-01-12T18:30:03.945105+00:00
d3374bbc-9110-4f1a-b679-d874a182323e,john,100,playoff-3,Jacksonville Jaguars,-1.5,False,2026-01-12T18:30:03.945105+00:00
e1380a27-c35b-4f4f-9e1f-caed938d3bb4,john,100,playoff-4,San Francisco 49ers,6.0,True,2026-01-12T18:30:03.945105+00:00
1a37efa8-3eee-4dd8-b53f-8281b7c51a6d,john,100,playoff-5,Los Angeles Chargers,3.5,False,2026-01-12T18:30:03.945105+00:00
1a2e2d12-c861-479c-9139-59a49b3c6d38,john,100,playoff-6,Houston Texans,-3.0,True,2026-01-12T18:30:03.945105+00:00
e6633d78-6efc-4c5b-9a30-74f831297bcf,john,101,playoff-3,New England Patriots,-3.0,True,2026-01-15T17:52:28.483649+00:00
43abb8df-13fd-4b20-9c4a-8ba771700347,connor,101,playoff-1,Denver Broncos,-1.5,True,2026-01-15T17:59:40.77024+00:00
9a3c3564-5d77-491f-b2a2-a6e3e4616abd,connor,101,playoff-3,New England Patriots,-3.0,True,2026-01-15T17:59:40.77024+00:00
67a46237-fe95-421b-b1a1-b9fad5641d19,cam,101,playoff-3,New England Patriots,-3.0,True,2026-01-15T18:44:07.89882+00:00
7ceca3e1-cf29-4721-aaf0-7728c320ab83,cam,101,playoff-1-ou,O/U:OVER,45.5,True,2026-01-15T18:44:07.89882+00:00
2a58a710-823d-4adb-acec-af723ec5e0ea,cam,101,playoff-4-ou,O/U:UNDER,48.5,True,2026-01-15T18:44:07.89882+00:00
d3e9a37f-f6f0-4d9b-b500-389c3b7e77e5,nathan,101,playoff-1,Denver Broncos,-1.5,True,2026-01-17T14:34:20.232211+00:00
6d005aa8-46ec-42fd-b82e-847d3d629354,nathan,101,playoff-2,Seattle Seahawks,-7.0,True,2026-01-17T14:34:20.232211+00:00
b61414a0-8cf0-44ad-951e-427ddcfdc30f,nathan,101,playoff-3,New England Patriots,-3.0,True,2026-01-17T14:34:20.232211+00:00
89fc7207-a8dc-4fa5-8ff5-a78ad49dc06a,nathan,101,playoff-4,Chicago Bears,3.5,True,2026-01-17T14:34:20.232211+00:00
ac961361-5014-433c-b526-344d80f452ef,jacob,101,playoff-1,Denver Broncos,-1.5,True,2026-01-17T16:55:49.107508+00:00
34fa7334-9742-4f55-bf1c-7edd0b74e820,jacob,101,playoff-3,New England Patriots,-3.0,True,2026-01-17T16:55:49.107508+00:00
475c7038-5d3a-4734-9fc2-b69250876e36,jacob,101,playoff-4-ou,O/U:UNDER,48.5,True,2026-01-17T16:55:49.107508+00:00
589a8112-0188-4601-9eea-f07b00e0ae6b,max,101,playoff-4,Chicago Bears,3.5,True,2026-01-17T21:01:47.609625+00:00
50c79dc4-1f27-457d-a905-cca3cbab1dbb,shane,101,playoff-1,Denver Broncos,-1.5,True,2026-01-18T16:50:26.210394+00:00
bf4767b2-c8da-48f8-b492-3359fbb72a52,shane,101,playoff-4,Chicago Bears,3.5,True,2026-01-18T16:50:26.210394+00:00
c210e202-753e-4acf-9b4d-4be6114eb7ee,shane,101,playoff-4-ou,O/U:UNDER,48.5,True,2026-01-18T16:50:26.210394+00:00
92fb1f3a-f012-4f0f-b0ef-053947bcb77a,john,101,playoff-4,Los Angeles Rams,-3.5,False,2026-01-15T17:52:28.483649+00:00
356f7477-d29e-4aa8-911a-597b9762beb3,john,101,playoff-2-ou,O/U:UNDER,45.5,False,2026-01-15T17:52:28.483649+00:00
d7bc91ba-c045-4fbe-bdfa-46dd285222ef,john,101,playoff-3-ou,O/U:UNDER,40.5,False,2026-01-15T17:52:28.483649+00:00
f66a9860-2213-40fa-9b1c-9dcf55ebdd95,connor,101,playoff-2,San Francisco 49ers,7.0,False,2026-01-15T17:59:40.77024+00:00
9dbe9cdd-9b11-41da-bf8b-22580463f980,connor,101,playoff-4,Los Angeles Rams,-3.5,False,2026-01-15T17:59:40.77024+00:00
6c738e66-1c99-4566-9bef-b767e263216f,connor,101,playoff-2-ou,O/U:UNDER,45.5,False,2026-01-15T17:59:40.77024+00:00
885471ce-a07a-488e-8e0d-5958a5078ce0,connor,101,playoff-4-ou,O/U:OVER,48.5,False,2026-01-15T17:59:40.77024+00:00
494da07d-b263-42f4-b2b0-5382ce761e18,cam,101,playoff-1,Buffalo Bills,1.5,False,2026-01-15T18:44:07.89882+00:00
4544893e-4bf1-4e25-99b3-475a1fb783d0,cam,101,playoff-2,San Francisco 49ers,7.0,False,2026-01-15T18:44:07.89882+00:00
6a0c0c01-0f44-426c-9672-7a143b56e131,cam,101,playoff-4,Los Angeles Rams,-3.5,False,2026-01-15T18:44:07.89882+00:00
a33cd9e6-3c7e-4d3b-bebb-5c9d58d5edf9,nathan,101,playoff-1-ou,O/U:UNDER,45.5,False,2026-01-17T14:34:20.232211+00:00
a2563df6-50b8-4df9-a072-a42604f35ca8,nathan,101,playoff-3-ou,O/U:UNDER,40.5,False,2026-01-17T14:34:20.232211+00:00
302ec5f8-7e53-436b-87f7-950b6d850ee8,jacob,101,playoff-2,San Francisco 49ers,7.0,False,2026-01-17T16:55:49.107508+00:00
dab4a518-0b35-4031-b14a-7e0ea1968c2d,jacob,101,playoff-4,Los Angeles Rams,-3.5,False,2026-01-17T16:55:49.107508+00:00
95bc3658-957e-4ecf-939b-62b658e887bb,jacob,101,playoff-1-ou,O/U:UNDER,45.5,False,2026-01-17T16:55:49.107508+00:00
f06f6065-a3bb-456f-a8ea-0d77f8ffa1d8,max,101,playoff-1,Buffalo Bills,1.5,False,2026-01-17T21:01:47.609625+00:00
e892cdcf-9dfa-4cac-966a-b418673599b7,max,101,playoff-2,San Francisco 49ers,7.0,False,2026-01-17T21:01:47.609625+00:00
d0ea47ef-b3a9-4bcb-933f-727f6c6754c3,max,101,playoff-3,Houston Texans,3.0,False,2026-01-17T21:01:47.609625+00:00
39c64d83-a490-4189-b6a3-d63cf39812f3,max,101,playoff-4-ou,O/U:OVER,48.5,False,2026-01-17T21:01:47.609625+00:00
b1862626-8777-4c6b-8900-05b5a546a3c5,max,101,playoff-2-ou,O/U:UNDER,45.5,False,2026-01-17T21:01:47.609625+00:00
0643a195-7a96-4490-bc97-e4f6b3fa9930,shane,101,playoff-2,San Francisco 49ers,7.0,False,2026-01-18T16:50:26.210394+00:00
df8563ef-1011-4db1-aa20-33defc767faf,shane,101,playoff-3,Houston Texans,3.0,False,2026-01-18T16:50:26.210394+00:00
9c1f01ee-1ffe-4763-a893-28dbbd510651,shane,101,playoff-2-ou,O/U:UNDER,45.5,False,2026-01-18T16:50:26.210394+00:00
68930a7c-b15f-4679-8df7-25af0401fb21,jacob,102,playoff-1,Denver Broncos,5.5,True,2026-01-22T23:39:06.40384+00:00
a4b01a1c-c706-4e4b-82c8-55c750d16df4,jacob,102,playoff-2,Seattle Seahawks,-2.5,True,2026-01-22T23:39:06.40384+00:00
3780c386-4432-43b7-ad72-52aa3360944e,jacob,102,playoff-1-ou,O/U:OVER,42.5,False,2026-01-22T23:39:06.40384+00:00
18e52da6-617d-45dc-8a14-f9d260c02844,jacob,102,playoff-2-ou,O/U:OVER,47.5,True,2026-01-22T23:39:06.40384+00:00
6d17b76d-e2fe-4cf0-84e8-a5e1dbab6219,cam,102,playoff-1,Denver Broncos,5.5,True,2026-01-25T19:28:06.040838+00:00
c8ac256b-39f5-4be3-b46f-e8e98114ece7,cam,102,playoff-2,Seattle Seahawks,-2.5,True,2026-01-25T19:28:06.040838+00:00
bbf0b656-a4ac-482b-911d-05e8e7f5cac3,cam,102,playoff-1-ou,O/U:UNDER,42.5,True,2026-01-25T19:28:06.040838+00:00
65936c64-31d5-4cec-b1e4-bcbc8d6f571b,cam,102,playoff-2-ou,O/U:OVER,47.5,True,2026-01-25T19:28:06.040838+00:00
b707bd9c-45c4-49cd-8f4c-5930fb24f83f,john,102,playoff-2,Seattle Seahawks,-2.5,True,2026-01-25T19:35:53.601578+00:00
5acfbdc1-bf97-43f9-a9a3-54c7e4444910,john,102,playoff-1,New England Patriots,-5.5,False,2026-01-25T19:35:53.601578+00:00
640d3232-6167-4966-a4b0-b588eb78b887,john,102,playoff-2-ou,O/U:OVER,47.5,True,2026-01-25T19:35:53.601578+00:00
805c96e8-80e3-415d-8c65-559259a7076d,john,102,playoff-1-ou,O/U:OVER,42.5,False,2026-01-25T19:35:53.601578+00:00
f4675dcb-9a65-4138-9532-fa5fd3e84911,connor,102,playoff-1,Denver Broncos,5.5,True,2026-01-25T19:40:55.54499+00:00
02045d9f-c364-49c0-8f3c-849ddd586bcb,connor,102,playoff-2,Seattle Seahawks,-2.5,True,2026-01-25T19:40:55.54499+00:00
78774840-befa-4282-8999-5f20b3a88080,connor,102,playoff-1-ou,O/U:UNDER,42.5,True,2026-01-25T19:40:55.54499+00:00
3ae306d3-8b4a-4324-b75f-9914a86df9c6,connor,102,playoff-2-ou,O/U:OVER,47.5,True,2026-01-25T19:40:55.54499+00:00
07d13b71-ad0b-453e-92aa-af2c83e867e7,max,102,playoff-1,New England Patriots,-5.5,False,2026-01-25T21:32:17.460274+00:00
8f35db1a-0f23-43d3-9a17-405ce76db256,max,102,playoff-1-ou,O/U:UNDER,42.5,True,2026-01-25T21:32:17.721037+00:00
c9630be1-9fad-4945-bdec-db36eb40bf37,max,102,playoff-2,Seattle Seahawks,-2.5,True,2026-01-25T21:32:17.896316+00:00
0463ccf7-d819-420e-a392-849a49bc2dcc,max,102,playoff-2-ou,O/U:OVER,47.5,True,2026-01-25T21:32:18.017475+00:00
038a0be0-9901-4de5-a342-ed13ad23f182,shane,102,playoff-1,New England Patriots,-5.5,False,2026-01-25T21:32:18.132121+00:00
d71d132f-f0d1-40f2-9306-1046621f3ed3,shane,102,playoff-1-ou,O/U:UNDER,42.5,True,2026-01-25T21:32:18.256835+00:00
be928461-21a4-4d2d-ba16-730564fb90cf,shane,102,playoff-2,Seattle Seahawks,-2.5,True,2026-01-25T21:32:18.375903+00:00
6617fd96-ec14-4a5e-9fb2-2e0e704f3bae,shane,102,playoff-2-ou,O/U:UNDER,47.5,False,2026-01-25T21:32:18.501351+00:00
e463fbd8-6563-425e-995c-472cc202b0b1,nathan,102,playoff-1,Denver Broncos,5.5,True,2026-01-25T22:20:54.536365+00:00
b3ca64e7-7f06-43c9-a104-df6f9704b3c9,nathan,102,playoff-2,Los Angeles Rams,2.5,False,2026-01-25T22:20:54.536365+00:00
040c2951-f346-4005-9a1c-c538b6184f85,nathan,102,playoff-1-ou,O/U:UNDER,42.5,True,2026-01-25T22:20:54.536365+00:00
7dfb8945-3ddb-45a3-843b-cff793a2455f,nathan,102,playoff-2-ou,O/U:UNDER,47.5,False,2026-01-25T22:20:54.536365+00:00
bc88ab53-b621-4dcc-8fda-eb1601045233,cam,103,playoff-1,Seattle Seahawks,-4.5,,2026-02-08T01:06:07.002061+00:00
066ac530-3132-42b8-87ad-f8fcea5f4e33,cam,103,playoff-1-ou,O/U:UNDER,45.5,,2026-02-08T01:06:07.002061+00:00
a869bf46-62f1-4e24-8b8a-0fb69a0e627b,cam,103,playoff-1-h1,Seattle Seahawks,-2.5,,2026-02-08T01:06:07.002061+00:00
bfdac94c-09c3-453a-a9c4-787f958fafa3,cam,103,playoff-1-h1-ou,O/U:UNDER,21.5,,2026-02-08T01:06:07.002061+00:00
5da2f622-1556-465b-b100-0e34b24ddff2,cam,103,player_reception_yds_kenneth_walker_iii,PROP:OVER:Kenneth Walker III Reception Yds O/U 22.5,22.5,,2026-02-08T01:06:07.002061+00:00
a5b4dd91-7865-4ec0-abd5-b9f2aa8ba2a9,cam,103,player_rush_attempts_kenneth_walker_iii,PROP:OVER:Kenneth Walker III Rush Attempts O/U 17.5,17.5,,2026-02-08T01:06:07.002061+00:00
72ae211a-a143-4251-b7d4-5087dbcf2292,john,103,playoff-1,Seattle Seahawks,-4.5,,2026-02-08T15:57:44.468748+00:00
e7ed5999-de26-471e-b3c2-a650e5a09211,john,103,playoff-1-ou,O/U:UNDER,45.5,,2026-02-08T15:57:44.468748+00:00
a825fee9-7237-4f28-819e-6e3a3a4026fe,john,103,playoff-1-h1,Seattle Seahawks,-2.5,,2026-02-08T15:57:44.468748+00:00
8072d528-e2c1-483f-8fdd-889ca88db1b6,john,103,playoff-1-h1-ou,O/U:UNDER,21.5,,2026-02-08T15:57:44.468748+00:00
781b10ff-230a-4c82-94d1-032bb1f332a2,john,103,player_reception_yds_stefon_diggs,PROP:UNDER:Stefon Diggs Reception Yds O/U 44.5,44.5,,2026-02-08T15:57:44.468748+00:00
3b576091-7b08-4d3b-bcba-13e2b4947acc,john,103,player_anytime_td_jaxon_smith-njigba,PROP:YES:Jaxon Smith-Njigba Anytime TD (-110),-110.0,,2026-02-08T15:57:44.468748+00:00
03e668f6-483c-4775-b432-17f8fd0e2a0d,shane,103,playoff-1,Seattle Seahawks,-4.5,,2026-02-08T15:58:32.709183+00:00
afc45053-2629-403d-b775-8ba57b04438d,shane,103,playoff-1-ou,O/U:UNDER,45.5,,2026-02-08T15:58:32.709183+00:00
de3b7282-fff8-42dd-83d0-ce6685ab8577,shane,103,playoff-1-h1-ou,O/U:UNDER,21.5,,2026-02-08T15:58:32.709183+00:00
c0228f38-e69a-4f66-b6ab-3e4e8bb23412,shane,103,playoff-1-h1,New England Patriots,2.5,,2026-02-08T15:58:32.709183+00:00
73e1c47b-1fd7-4228-ae3a-50499109f6ba,shane,103,player_receptions_rashid_shaheed,PROP:OVER:Rashid Shaheed Receptions O/U 1.5,1.5,,2026-02-08T15:58:32.709183+00:00
e11b5d3c-3817-4033-ba0a-ba971376cc34,shane,103,player_field_goals_jason_myers,PROP:OVER:Jason Myers Field Goals O/U 1.5,1.5,,2026-02-08T15:58:32.709183+00:00
e9326ac9-5261-4918-adf9-ee1593a12dcc,nathan,103,playoff-1,New England Patriots,4.5,,2026-02-08T17:22:20.124661+00:00
0f560a04-4cf5-4bee-b29d-eb8897183484,nathan,103,playoff-1-ou,O/U:OVER,45.5,,2026-02-08T17:22:20.124661+00:00
9e9e58c2-9c16-4c68-bb6c-0c7530988dda,nathan,103,playoff-1-h1,New England Patriots,2.5,,2026-02-08T17:22:20.124661+00:00
a7843cc6-f465-4e04-b9da-2f542cab02ad,nathan,103,playoff-1-h1-ou,O/U:UNDER,21.5,,2026-02-08T17:22:20.124661+00:00
7a4364c0-2551-4942-bbcd-43fea6599066,nathan,103,player_pass_tds_drake_maye,PROP:OVER:Drake Maye Pass Tds O/U 1.5,1.5,,2026-02-08T17:22:20.124661+00:00
4b38cd78-b48d-4e19-8132-a1af37807e29,nathan,103,player_anytime_td_rhamondre_stevenson,PROP:YES:Rhamondre Stevenson Anytime TD (+140),140.0,,2026-02-08T17:22:20.124661+00:00
10e902c9-b8a0-4de4-80e6-253a1cd2bbc2,jacob,103,player_anytime_td_jaxon_smith-njigba,PROP:YES:Jaxon Smith-Njigba Anytime TD (-110),-110.0,,2026-02-08T17:26:31.179544+00:00
f1640649-76b6-4776-b2d8-14954d2d4bc3,jacob,103,playoff-1,Seattle Seahawks,-4.5,,2026-02-08T17:26:31.179544+00:00
b2af3b8f-20ef-408d-b052-eefe16320b4b,jacob,103,playoff-1-ou,O/U:OVER,45.5,,2026-02-08T17:26:31.179544+00:00
841884a8-855d-47fb-acf0-8373c761633d,jacob,103,playoff-1-h1,Seattle Seahawks,-2.5,,2026-02-08T17:26:31.179544+00:00
b3a3fdf1-0864-4cbd-9e13-22054d35423b,jacob,103,playoff-1-h1-ou,O/U:OVER,21.5,,2026-02-08T17:26:31.179544+00:00
1f6432b4-b6bf-41fe-befc-d9a343eda923,jacob,103,player_pass_attempts_sam_darnold,PROP:UNDER:Sam Darnold Pass Attempts O/U 29.5,29.5,,2026-02-08T17:26:31.179544+00:00
